{"cameraMode":{"drawMode":0,"name":"Shaded","section":"Shading Mode"},"sceneLighting":true,"audioPlay":false,"sceneViewState":{"showFog":true,"showMaterialUpdate":true,"showSkybox":true,"showFlares":true,"showImageEffects":true,"showParticleSystems":true,"showVisualEffectGraphs":true,"m_FxEnabled":true},"in2DMode":false,"pivot":{"x":-29.674583435058595,"y":39.50020217895508,"z":15.181877136230469},"rotation":{"x":-0.034127216786146167,"y":0.9514651894569397,"z":-0.07039514929056168,"w":-0.30314043164253237},"size":24.005205154418947,"orthographic":false}