{"cameraMode":{"drawMode":0,"name":"Shaded","section":"Shading Mode"},"sceneLighting":true,"audioPlay":false,"sceneViewState":{"showFog":true,"showMaterialUpdate":true,"showSkybox":true,"showFlares":true,"showImageEffects":true,"showParticleSystems":true,"showVisualEffectGraphs":true,"m_FxEnabled":true},"in2DMode":false,"pivot":{"x":-62.077266693115237,"y":1.8731088638305665,"z":-37.14805221557617},"rotation":{"x":0.024669906124472619,"y":-0.8404033184051514,"z":0.03945579379796982,"w":0.5418163537979126},"size":46.41218185424805,"orthographic":false}