{"cameraMode":{"drawMode":0,"name":"Shaded","section":"Shading Mode"},"sceneLighting":true,"audioPlay":false,"sceneViewState":{"showFog":true,"showMaterialUpdate":true,"showSkybox":true,"showFlares":true,"showImageEffects":true,"showParticleSystems":true,"showVisualEffectGraphs":true,"m_FxEnabled":true},"in2DMode":false,"pivot":{"x":6.042232036590576,"y":10.704683303833008,"z":2.0611047744750978},"rotation":{"x":-0.6931026577949524,"y":0.002725370926782489,"z":0.011834516189992428,"w":-0.7229424118995667},"size":6.154560565948486,"orthographic":false}