{"cameraMode":{"drawMode":0,"name":"Shaded","section":"Shading Mode"},"sceneLighting":true,"audioPlay":false,"sceneViewState":{"showFog":true,"showMaterialUpdate":true,"showSkybox":true,"showFlares":true,"showImageEffects":true,"showParticleSystems":true,"showVisualEffectGraphs":true,"m_FxEnabled":true},"in2DMode":false,"pivot":{"x":9.568439483642579,"y":9.766867637634278,"z":9.415648460388184},"rotation":{"x":0.008445965126156807,"y":0.6576710343360901,"z":0.022324727848172189,"w":-0.7549324631690979},"size":1.4660253524780274,"orthographic":false}