{"cameraMode":{"drawMode":0,"name":"Shaded","section":"Shading Mode"},"sceneLighting":true,"audioPlay":false,"sceneViewState":{"showFog":true,"showMaterialUpdate":true,"showSkybox":true,"showFlares":true,"showImageEffects":true,"showParticleSystems":true,"showVisualEffectGraphs":true,"m_FxEnabled":true},"in2DMode":false,"pivot":{"x":-48.56880187988281,"y":3.9718194007873537,"z":-4.1147565841674809},"rotation":{"x":0.0021003687288612129,"y":-0.6759393215179443,"z":0.004511908162385225,"w":-0.7388033270835877},"size":7.875579833984375,"orthographic":false}