{"cameraMode":{"drawMode":0,"name":"Shaded","section":"Shading Mode"},"sceneLighting":true,"audioPlay":false,"sceneViewState":{"showFog":true,"showMaterialUpdate":true,"showSkybox":true,"showFlares":true,"showImageEffects":true,"showParticleSystems":true,"showVisualEffectGraphs":true,"m_FxEnabled":true},"in2DMode":false,"pivot":{"x":38.400733947753909,"y":7.651391506195068,"z":2.402071475982666},"rotation":{"x":-0.010517887771129609,"y":-0.24514053761959077,"z":0.002523304196074605,"w":-0.970135509967804},"size":4.907736301422119,"orthographic":false}