{"cameraMode":{"drawMode":0,"name":"Shaded","section":"Shading Mode"},"sceneLighting":true,"audioPlay":false,"sceneViewState":{"showFog":true,"showMaterialUpdate":true,"showSkybox":true,"showFlares":true,"showImageEffects":true,"showParticleSystems":true,"showVisualEffectGraphs":true,"m_FxEnabled":true},"in2DMode":false,"pivot":{"x":-0.47549712657928469,"y":10.486751556396485,"z":-2.558645248413086},"rotation":{"x":0.0002824723196681589,"y":0.6786675453186035,"z":0.008548409678041935,"w":-0.7354790568351746},"size":1.2087950706481934,"orthographic":false}