{"cameraMode":{"drawMode":0,"name":"Shaded","section":"Shading Mode"},"sceneLighting":true,"audioPlay":false,"sceneViewState":{"showFog":true,"showMaterialUpdate":true,"showSkybox":true,"showFlares":true,"showImageEffects":true,"showParticleSystems":true,"showVisualEffectGraphs":true,"m_FxEnabled":true},"in2DMode":false,"pivot":{"x":-2.9486887454986574,"y":5.720894813537598,"z":0.29416346549987795},"rotation":{"x":0.14470751583576203,"y":0.6853842735290527,"z":-0.14179189503192902,"w":0.6994884610176086},"size":1.0390291213989258,"orthographic":false}