{"cameraMode":{"drawMode":0,"name":"Shaded","section":"Shading Mode"},"sceneLighting":true,"audioPlay":false,"sceneViewState":{"showFog":true,"showMaterialUpdate":true,"showSkybox":true,"showFlares":true,"showImageEffects":true,"showParticleSystems":true,"showVisualEffectGraphs":true,"m_FxEnabled":true},"in2DMode":false,"pivot":{"x":667.7156982421875,"y":144.17808532714845,"z":34.28077697753906},"rotation":{"x":-0.07809155434370041,"y":0.20014430582523347,"z":0.016007332131266595,"w":0.9765260815620422},"size":100.47039031982422,"orthographic":false}