{"cameraMode":{"drawMode":0,"name":"Shaded","section":"Shading Mode"},"sceneLighting":true,"audioPlay":false,"sceneViewState":{"showFog":true,"showMaterialUpdate":true,"showSkybox":true,"showFlares":true,"showImageEffects":true,"showParticleSystems":true,"showVisualEffectGraphs":true,"m_FxEnabled":true},"in2DMode":false,"pivot":{"x":-0.2864880859851837,"y":4.374186992645264,"z":0.3164593577384949},"rotation":{"x":0.02068847231566906,"y":0.03264343738555908,"z":-0.0006774552748538554,"w":0.9992629885673523},"size":1.1394999027252198,"orthographic":false}