{"cameraMode":{"drawMode":0,"name":"Shaded","section":"Shading Mode"},"sceneLighting":true,"audioPlay":false,"sceneViewState":{"showFog":true,"showMaterialUpdate":true,"showSkybox":true,"showFlares":true,"showImageEffects":true,"showParticleSystems":true,"showVisualEffectGraphs":true,"m_FxEnabled":true},"in2DMode":false,"pivot":{"x":0.47604048252105715,"y":0.27044248580932619,"z":-2.5898189544677736},"rotation":{"x":0.04018721729516983,"y":-0.013833310455083847,"z":0.000552547222469002,"w":0.9991174340248108},"size":9.640246391296387,"orthographic":false}