{"cameraMode":{"drawMode":0,"name":"Shaded","section":"Shading Mode"},"sceneLighting":true,"audioPlay":false,"sceneViewState":{"showFog":true,"showMaterialUpdate":true,"showSkybox":true,"showFlares":true,"showImageEffects":true,"showParticleSystems":true,"showVisualEffectGraphs":true,"m_FxEnabled":true},"in2DMode":false,"pivot":{"x":33.951385498046878,"y":8.43493366241455,"z":-0.30167219042778017},"rotation":{"x":0.08750013262033463,"y":-0.14750351011753083,"z":0.0031213886104524137,"w":0.9866772294044495},"size":0.5660253763198853,"orthographic":false}