{"cameraMode":{"drawMode":0,"name":"Shaded","section":"Shading Mode"},"sceneLighting":true,"audioPlay":false,"sceneViewState":{"showFog":true,"showMaterialUpdate":true,"showSkybox":true,"showFlares":true,"showImageEffects":true,"showParticleSystems":true,"showVisualEffectGraphs":true,"m_FxEnabled":true},"in2DMode":false,"pivot":{"x":-2.2082386016845705,"y":-0.5920158624649048,"z":5.005639553070068},"rotation":{"x":-0.0024145895149558784,"y":0.03216458112001419,"z":-0.009631150402128697,"w":1.0011138916015626},"size":14.440195083618164,"orthographic":true}