{"cameraMode":{"drawMode":0,"name":"Shaded","section":"Shading Mode"},"sceneLighting":true,"audioPlay":false,"sceneViewState":{"showFog":true,"showMaterialUpdate":true,"showSkybox":true,"showFlares":true,"showImageEffects":true,"showParticleSystems":true,"showVisualEffectGraphs":true,"m_FxEnabled":true},"in2DMode":false,"pivot":{"x":490.00006103515627,"y":275.50006103515627,"z":0.0000017881393432617188},"rotation":{"x":-0.014097562059760094,"y":-0.028728116303682329,"z":-0.0004044431261718273,"w":0.9997992515563965},"size":749.6095581054688,"orthographic":false}