{"cameraMode":{"drawMode":0,"name":"Shaded","section":"Shading Mode"},"sceneLighting":true,"audioPlay":false,"sceneViewState":{"showFog":true,"showMaterialUpdate":true,"showSkybox":true,"showFlares":true,"showImageEffects":true,"showParticleSystems":true,"showVisualEffectGraphs":true,"m_FxEnabled":true},"in2DMode":false,"pivot":{"x":-1.7143371105194092,"y":5.575504302978516,"z":-0.04200125113129616},"rotation":{"x":0.09633342176675797,"y":-0.7026680111885071,"z":0.08584222942590714,"w":0.7018092274665833},"size":0.5660253763198853,"orthographic":false}