{"cameraMode":{"drawMode":0,"name":"Shaded","section":"Shading Mode"},"sceneLighting":true,"audioPlay":false,"sceneViewState":{"showFog":true,"showMaterialUpdate":true,"showSkybox":true,"showFlares":true,"showImageEffects":true,"showParticleSystems":true,"showVisualEffectGraphs":true,"m_FxEnabled":true},"in2DMode":false,"pivot":{"x":13.639069557189942,"y":17.45771026611328,"z":96.23517608642578},"rotation":{"x":-0.07344760000705719,"y":0.0078277001157403,"z":0.00047956843627616763,"w":0.9974755644798279},"size":50.549800872802737,"orthographic":false}