{"cameraMode":{"drawMode":0,"name":"Shaded","section":"Shading Mode"},"sceneLighting":true,"audioPlay":false,"sceneViewState":{"showFog":true,"showMaterialUpdate":true,"showSkybox":true,"showFlares":true,"showImageEffects":true,"showParticleSystems":true,"showVisualEffectGraphs":true,"m_FxEnabled":false},"in2DMode":false,"pivot":{"x":276.8293762207031,"y":120.55104064941406,"z":-21.484024047851564},"rotation":{"x":-0.040796101093292239,"y":-0.06786715984344483,"z":0.0067853014916181568,"w":-0.9985600113868713},"size":174.5015411376953,"orthographic":false}