{"cameraMode":{"drawMode":0,"name":"Shaded","section":"Shading Mode"},"sceneLighting":true,"audioPlay":false,"sceneViewState":{"showFog":true,"showMaterialUpdate":true,"showSkybox":true,"showFlares":true,"showImageEffects":true,"showParticleSystems":true,"showVisualEffectGraphs":true,"m_FxEnabled":true},"in2DMode":false,"pivot":{"x":-41.323001861572269,"y":0.18799997866153718,"z":-3.2980000972747804},"rotation":{"x":-0.04593607410788536,"y":0.43305104970932009,"z":0.02210480347275734,"w":0.8999276161193848},"size":0.6123724579811096,"orthographic":false}