{"cameraMode":{"drawMode":0,"name":"Shaded","section":"Shading Mode"},"sceneLighting":true,"audioPlay":false,"sceneViewState":{"showFog":true,"showMaterialUpdate":true,"showSkybox":true,"showFlares":true,"showImageEffects":true,"showParticleSystems":true,"showVisualEffectGraphs":true,"m_FxEnabled":true},"in2DMode":false,"pivot":{"x":-103.41020965576172,"y":7.061741352081299,"z":3.9568939208984377},"rotation":{"x":-0.006342119537293911,"y":-0.6924625039100647,"z":-0.009872181341052056,"w":0.7234722375869751},"size":48.88814926147461,"orthographic":false}