{"cameraMode":{"drawMode":0,"name":"Shaded","section":"Shading Mode"},"sceneLighting":true,"audioPlay":false,"sceneViewState":{"showFog":true,"showMaterialUpdate":true,"showSkybox":true,"showFlares":true,"showImageEffects":true,"showParticleSystems":true,"showVisualEffectGraphs":true,"m_FxEnabled":true},"in2DMode":false,"pivot":{"x":20.67730712890625,"y":3.449350357055664,"z":-7.961187362670898},"rotation":{"x":0.012570119462907315,"y":0.29580768942832949,"z":0.004006410948932171,"w":-0.9553182125091553},"size":15.066173553466797,"orthographic":false}