{"cameraMode":{"drawMode":0,"name":"Shaded","section":"Shading Mode"},"sceneLighting":true,"audioPlay":false,"sceneViewState":{"showFog":true,"showMaterialUpdate":true,"showSkybox":true,"showFlares":true,"showImageEffects":true,"showParticleSystems":true,"showVisualEffectGraphs":true,"m_FxEnabled":false},"in2DMode":false,"pivot":{"x":-89.83443450927735,"y":5.8804731369018559,"z":-1.1313879489898682},"rotation":{"x":0.012271891348063946,"y":0.7165777683258057,"z":0.01866837404668331,"w":-0.6996088624000549},"size":19.219926834106447,"orthographic":false}