{"cameraMode":{"drawMode":0,"name":"Shaded","section":"Shading Mode"},"sceneLighting":true,"audioPlay":false,"sceneViewState":{"showFog":true,"showMaterialUpdate":true,"showSkybox":true,"showFlares":true,"showImageEffects":true,"showParticleSystems":true,"showVisualEffectGraphs":true,"m_FxEnabled":true},"in2DMode":false,"pivot":{"x":32.123043060302737,"y":7.42808723449707,"z":-1.9185268878936768},"rotation":{"x":0.0029576439410448076,"y":0.9867078065872192,"z":-0.16339732706546784,"w":0.016869908198714258},"size":6.256570339202881,"orthographic":false}