{"cameraMode":{"drawMode":0,"name":"Shaded","section":"Shading Mode"},"sceneLighting":true,"audioPlay":false,"sceneViewState":{"showFog":true,"showMaterialUpdate":true,"showSkybox":true,"showFlares":true,"showImageEffects":true,"showParticleSystems":true,"showVisualEffectGraphs":true,"m_FxEnabled":true},"in2DMode":false,"pivot":{"x":55.457969665527347,"y":0.6545076966285706,"z":-2.7403812408447267},"rotation":{"x":0.20643636584281922,"y":-0.557364821434021,"z":0.14547690749168397,"w":0.7909753918647766},"size":0.9946094751358032,"orthographic":false}