{"cameraMode":{"drawMode":0,"name":"Shaded","section":"Shading Mode"},"sceneLighting":true,"audioPlay":false,"sceneViewState":{"showFog":true,"showMaterialUpdate":true,"showSkybox":true,"showFlares":true,"showImageEffects":true,"showParticleSystems":true,"showVisualEffectGraphs":true,"m_FxEnabled":true},"in2DMode":false,"pivot":{"x":270.20562744140627,"y":-10.334663391113282,"z":-228.03211975097657},"rotation":{"x":-0.30511388182640078,"y":0.062360506504774097,"z":0.010440172627568245,"w":0.9519616961479187},"size":7.058516025543213,"orthographic":false}