{"cameraMode":{"drawMode":0,"name":"Shaded","section":"Shading Mode"},"sceneLighting":true,"audioPlay":false,"sceneViewState":{"showFog":true,"showMaterialUpdate":true,"showSkybox":true,"showFlares":true,"showImageEffects":true,"showParticleSystems":true,"showVisualEffectGraphs":true,"m_FxEnabled":true},"in2DMode":false,"pivot":{"x":-51.81376266479492,"y":4.693838119506836,"z":-2.6904311180114748},"rotation":{"x":0.011589549481868744,"y":-0.9926953911781311,"z":0.06996294856071472,"w":0.10374502837657929},"size":4.148725986480713,"orthographic":false}