{"cameraMode":{"drawMode":0,"name":"Shaded","section":"Shading Mode"},"sceneLighting":true,"audioPlay":false,"sceneViewState":{"showFog":true,"showMaterialUpdate":true,"showSkybox":true,"showFlares":true,"showImageEffects":true,"showParticleSystems":true,"showVisualEffectGraphs":true,"m_FxEnabled":true},"in2DMode":false,"pivot":{"x":-18.556499481201173,"y":17.234024047851564,"z":88.19467163085938},"rotation":{"x":-0.03135232627391815,"y":-0.09399018436670304,"z":-0.0030623404309153558,"w":0.9952802658081055},"size":32.44694900512695,"orthographic":false}