{"cameraMode":{"drawMode":0,"name":"Shaded","section":"Shading Mode"},"sceneLighting":true,"audioPlay":false,"sceneViewState":{"showFog":true,"showMaterialUpdate":true,"showSkybox":true,"showFlares":true,"showImageEffects":true,"showParticleSystems":true,"showVisualEffectGraphs":true,"m_FxEnabled":true},"in2DMode":false,"pivot":{"x":700.0000610351563,"y":298.9999694824219,"z":0.0000017881393432617188},"rotation":{"x":-0.03135232627391815,"y":-0.09399018436670304,"z":-0.0030623404309153558,"w":0.9952802658081055},"size":642.9349365234375,"orthographic":false}