{"cameraMode":{"drawMode":0,"name":"Shaded","section":"Shading Mode"},"sceneLighting":true,"audioPlay":false,"sceneViewState":{"showFog":true,"showMaterialUpdate":true,"showSkybox":true,"showFlares":true,"showImageEffects":true,"showParticleSystems":true,"showVisualEffectGraphs":true,"m_FxEnabled":true},"in2DMode":false,"pivot":{"x":-9.062433242797852,"y":4.183787822723389,"z":-7.685945510864258},"rotation":{"x":0.0043585957027971748,"y":-0.7491840720176697,"z":0.006164283026009798,"w":0.6633333563804627},"size":26.998945236206056,"orthographic":false}