{"cameraMode":{"drawMode":0,"name":"Shaded","section":"Shading Mode"},"sceneLighting":true,"audioPlay":false,"sceneViewState":{"showFog":true,"showMaterialUpdate":true,"showSkybox":true,"showFlares":true,"showImageEffects":true,"showParticleSystems":true,"showVisualEffectGraphs":true,"m_FxEnabled":true},"in2DMode":false,"pivot":{"x":0.6935831308364868,"y":3.2716217041015627,"z":-5.18305778503418},"rotation":{"x":0.08210116624832154,"y":0.014605575241148472,"z":-0.0012094629928469658,"w":0.9965358376502991},"size":8.502213478088379,"orthographic":false}