{"cameraMode":{"drawMode":0,"name":"Shaded","section":"Shading Mode"},"sceneLighting":true,"audioPlay":false,"sceneViewState":{"showFog":true,"showMaterialUpdate":true,"showSkybox":true,"showFlares":true,"showImageEffects":true,"showParticleSystems":true,"showVisualEffectGraphs":true,"m_FxEnabled":true},"in2DMode":false,"pivot":{"x":17.68718910217285,"y":3.458446502685547,"z":9.166967391967774},"rotation":{"x":-0.05994851514697075,"y":0.031706057488918307,"z":-0.0018571625696495176,"w":-0.997918963432312},"size":2.2390289306640627,"orthographic":false}