{"cameraMode":{"drawMode":0,"name":"Shaded","section":"Shading Mode"},"sceneLighting":true,"audioPlay":false,"sceneViewState":{"showFog":true,"showMaterialUpdate":true,"showSkybox":true,"showFlares":true,"showImageEffects":true,"showParticleSystems":true,"showVisualEffectGraphs":true,"m_FxEnabled":true},"in2DMode":false,"pivot":{"x":53.16339111328125,"y":-0.22158218920230866,"z":3.913212299346924},"rotation":{"x":0.23226822912693025,"y":-0.06788230687379837,"z":0.0072204177267849449,"w":0.9718916416168213},"size":6.903378009796143,"orthographic":false}