{"cameraMode":{"drawMode":0,"name":"Shaded","section":"Shading Mode"},"sceneLighting":true,"audioPlay":false,"sceneViewState":{"showFog":true,"showMaterialUpdate":true,"showSkybox":true,"showFlares":true,"showImageEffects":true,"showParticleSystems":true,"showVisualEffectGraphs":true,"m_FxEnabled":true},"in2DMode":false,"pivot":{"x":-21.999269485473634,"y":2.0069773197174074,"z":-3.566169261932373},"rotation":{"x":0.21099378168582917,"y":-0.22232846915721894,"z":0.04956069961190224,"w":0.9509057998657227},"size":0.8660253882408142,"orthographic":false}