{"cameraMode":{"drawMode":0,"name":"Shaded","section":"Shading Mode"},"sceneLighting":true,"audioPlay":false,"sceneViewState":{"showFog":true,"showMaterialUpdate":true,"showSkybox":true,"showFlares":true,"showImageEffects":true,"showParticleSystems":true,"showVisualEffectGraphs":true,"m_FxEnabled":true},"in2DMode":false,"pivot":{"x":120.85530090332031,"y":-6.7132344245910648,"z":-10.731666564941407},"rotation":{"x":-0.025800999253988267,"y":-0.7368378043174744,"z":0.040743548423051837,"w":-0.6768700480461121},"size":66.97093200683594,"orthographic":false}