{"cameraMode":{"drawMode":0,"name":"Shaded","section":"Shading Mode"},"sceneLighting":true,"audioPlay":false,"sceneViewState":{"showFog":true,"showMaterialUpdate":true,"showSkybox":true,"showFlares":true,"showImageEffects":true,"showParticleSystems":true,"showVisualEffectGraphs":true,"m_FxEnabled":true},"in2DMode":false,"pivot":{"x":15.270853996276856,"y":-3.566333770751953,"z":20.583641052246095},"rotation":{"x":0.06449192017316818,"y":0.18713930249214173,"z":-0.012305992655456066,"w":0.9801651239395142},"size":23.71548080444336,"orthographic":false}