{"cameraMode":{"drawMode":0,"name":"Shaded","section":"Shading Mode"},"sceneLighting":true,"audioPlay":false,"sceneViewState":{"showFog":true,"showMaterialUpdate":true,"showSkybox":true,"showFlares":true,"showImageEffects":true,"showParticleSystems":true,"showVisualEffectGraphs":true,"m_FxEnabled":true},"in2DMode":false,"pivot":{"x":30.195032119750978,"y":7.517564296722412,"z":1.6405248641967774},"rotation":{"x":-0.18050695955753327,"y":-0.056916844099760059,"z":0.01046350970864296,"w":-0.9818712472915649},"size":10.266134262084961,"orthographic":false}