{"cameraMode":{"drawMode":0,"name":"Shaded","section":"Shading Mode"},"sceneLighting":true,"audioPlay":false,"sceneViewState":{"showFog":true,"showMaterialUpdate":true,"showSkybox":true,"showFlares":true,"showImageEffects":true,"showParticleSystems":true,"showVisualEffectGraphs":true,"m_FxEnabled":true},"in2DMode":false,"pivot":{"x":-4.857113361358643,"y":6.40841817855835,"z":2.3290114402770998},"rotation":{"x":0.03299529477953911,"y":-0.000285271555185318,"z":0.000015283687389455736,"w":0.9994973540306091},"size":1.0390291213989258,"orthographic":false}