{"cameraMode":{"drawMode":0,"name":"Shaded","section":"Shading Mode"},"sceneLighting":true,"audioPlay":false,"sceneViewState":{"showFog":true,"showMaterialUpdate":true,"showSkybox":true,"showFlares":true,"showImageEffects":true,"showParticleSystems":true,"showVisualEffectGraphs":true,"m_FxEnabled":true},"in2DMode":false,"pivot":{"x":0.1194465160369873,"y":5.080751895904541,"z":0.12346285581588745},"rotation":{"x":-0.13388392329216004,"y":0.5964900255203247,"z":-0.08827069401741028,"w":-0.788401186466217},"size":1.5297024250030518,"orthographic":false}