{"cameraMode":{"drawMode":0,"name":"Shaded","section":"Shading Mode"},"sceneLighting":true,"audioPlay":false,"sceneViewState":{"showFog":true,"showMaterialUpdate":true,"showSkybox":true,"showFlares":true,"showImageEffects":true,"showParticleSystems":true,"showVisualEffectGraphs":true,"m_FxEnabled":true},"in2DMode":false,"pivot":{"x":32.66786193847656,"y":-16.084869384765626,"z":333.33465576171877},"rotation":{"x":0.10331664234399796,"y":-0.020562447607517244,"z":0.002033506752923131,"w":0.9946413040161133},"size":194.4243621826172,"orthographic":false}