{"cameraMode":{"drawMode":0,"name":"Shaded","section":"Shading Mode"},"sceneLighting":true,"audioPlay":false,"sceneViewState":{"showFog":true,"showMaterialUpdate":true,"showSkybox":true,"showFlares":true,"showImageEffects":true,"showParticleSystems":true,"showVisualEffectGraphs":true,"m_FxEnabled":true},"in2DMode":false,"pivot":{"x":14.231983184814454,"y":9.735754013061524,"z":7.871416091918945},"rotation":{"x":0.11855105310678482,"y":0.19493241608142854,"z":-0.023741967976093293,"w":0.9733439087867737},"size":6.903377056121826,"orthographic":false}