{"cameraMode":{"drawMode":0,"name":"Shaded","section":"Shading Mode"},"sceneLighting":true,"audioPlay":false,"sceneViewState":{"showFog":true,"showMaterialUpdate":true,"showSkybox":true,"showFlares":true,"showImageEffects":true,"showParticleSystems":true,"showVisualEffectGraphs":true,"m_FxEnabled":true},"in2DMode":false,"pivot":{"x":-13.858881950378418,"y":5.712069988250732,"z":-0.9470096230506897},"rotation":{"x":0.01742389239370823,"y":-0.6070787906646729,"z":0.0019125177059322596,"w":0.7964489459991455},"size":2.181264638900757,"orthographic":false}