{"cameraMode":{"drawMode":0,"name":"Shaded","section":"Shading Mode"},"sceneLighting":false,"audioPlay":false,"sceneViewState":{"showFog":true,"showMaterialUpdate":false,"showSkybox":false,"showFlares":true,"showImageEffects":true,"showParticleSystems":true,"showVisualEffectGraphs":true,"m_FxEnabled":true},"in2DMode":false,"pivot":{"x":1.5400009155273438,"y":-0.05000000074505806,"z":0.40000152587890627},"rotation":{"x":-0.5906553268432617,"y":0.03072582557797432,"z":-0.022524135187268258,"w":-0.8060308694839478},"size":83.36565399169922,"orthographic":false}