{"cameraMode":{"drawMode":0,"name":"Shaded","section":"Shading Mode"},"sceneLighting":false,"audioPlay":false,"sceneViewState":{"showFog":true,"showMaterialUpdate":false,"showSkybox":false,"showFlares":true,"showImageEffects":true,"showParticleSystems":true,"showVisualEffectGraphs":true,"m_FxEnabled":true},"in2DMode":false,"pivot":{"x":0.2040766477584839,"y":0.8009512424468994,"z":-0.31945502758026125},"rotation":{"x":0.019374951720237733,"y":-0.9727758169174194,"z":0.08838991820812226,"w":0.21344208717346192},"size":1.2867109775543213,"orthographic":false}