{"cameraMode":{"drawMode":0,"name":"Shaded","section":"Shading Mode"},"sceneLighting":false,"audioPlay":false,"sceneViewState":{"showFog":true,"showMaterialUpdate":false,"showSkybox":false,"showFlares":true,"showImageEffects":true,"showParticleSystems":true,"showVisualEffectGraphs":true,"m_FxEnabled":true},"in2DMode":false,"pivot":{"x":-0.1804831624031067,"y":0.676331639289856,"z":0.10427963733673096},"rotation":{"x":0.031697776168584827,"y":-0.6942625641822815,"z":0.030657077208161355,"w":0.7184131145477295},"size":1.2867109775543213,"orthographic":false}