{"cameraMode":{"drawMode":0,"name":"Shaded","section":"Shading Mode"},"sceneLighting":true,"audioPlay":false,"sceneViewState":{"showFog":true,"showMaterialUpdate":false,"showSkybox":true,"showFlares":true,"showImageEffects":true,"showParticleSystems":true,"showVisualEffectGraphs":true,"m_FxEnabled":true},"in2DMode":false,"pivot":{"x":0.1489580273628235,"y":0.2491024136543274,"z":-0.07589137554168701},"rotation":{"x":-0.04395699128508568,"y":-0.7388545274734497,"z":0.048377592116594318,"w":-0.6707280874252319},"size":1.5440032482147217,"orthographic":false}