{"cameraMode":{"drawMode":0,"name":"Shaded","section":"Shading Mode"},"sceneLighting":true,"audioPlay":false,"sceneViewState":{"showFog":true,"showMaterialUpdate":false,"showSkybox":true,"showFlares":true,"showImageEffects":true,"showParticleSystems":true,"showVisualEffectGraphs":true,"m_FxEnabled":true},"in2DMode":false,"pivot":{"x":-0.011340287514030934,"y":0.008644540794193745,"z":-9.999990463256836},"rotation":{"x":-0.030905593186616899,"y":0.002996755763888359,"z":-0.00009342595876660198,"w":-0.9995266795158386},"size":0.026618242263793947,"orthographic":false}