{"cameraMode":{"drawMode":0,"name":"Shaded","section":"Shading Mode"},"sceneLighting":true,"audioPlay":false,"sceneViewState":{"showFog":true,"showMaterialUpdate":false,"showSkybox":true,"showFlares":true,"showImageEffects":true,"showParticleSystems":true,"showVisualEffectGraphs":true,"m_FxEnabled":true},"in2DMode":false,"pivot":{"x":-13.204244613647461,"y":20.674030303955079,"z":0.9593296647071838},"rotation":{"x":0.03474690765142441,"y":-0.056626155972480777,"z":0.001976865343749523,"w":0.9978002905845642},"size":85.37910461425781,"orthographic":false}