{"cameraMode":{"drawMode":0,"name":"Shaded","section":"Shading Mode"},"sceneLighting":true,"audioPlay":false,"sceneViewState":{"showFog":true,"showMaterialUpdate":false,"showSkybox":true,"showFlares":true,"showImageEffects":true,"showParticleSystems":true,"showVisualEffectGraphs":true,"m_FxEnabled":true},"in2DMode":false,"pivot":{"x":6.469999313354492,"y":8.3100004196167,"z":-1.760000228881836},"rotation":{"x":-0.00029052363242954016,"y":-0.9996052384376526,"z":-0.025495443493127824,"w":0.011393962427973748},"size":2.3493893146514894,"orthographic":true}