{"cameraMode":{"drawMode":0,"name":"Shaded","section":"Shading Mode"},"sceneLighting":true,"audioPlay":false,"sceneViewState":{"showFog":true,"showMaterialUpdate":false,"showSkybox":true,"showFlares":true,"showImageEffects":true,"showParticleSystems":true,"showVisualEffectGraphs":true,"m_FxEnabled":true},"in2DMode":false,"pivot":{"x":-44.631370544433597,"y":1.5054532289505005,"z":0.640539288520813},"rotation":{"x":-0.0006593684665858746,"y":-0.9984819889068604,"z":0.05398130044341087,"w":-0.011943601071834565},"size":2.730278491973877,"orthographic":false}