{"cameraMode":{"drawMode":0,"name":"Shaded","section":"Shading Mode"},"sceneLighting":true,"audioPlay":false,"sceneViewState":{"showFog":true,"showMaterialUpdate":false,"showSkybox":true,"showFlares":true,"showImageEffects":true,"showParticleSystems":true,"showVisualEffectGraphs":true,"m_FxEnabled":true},"in2DMode":false,"pivot":{"x":5.689908504486084,"y":7.405765056610107,"z":-11.172943115234375},"rotation":{"x":-0.003749025519937277,"y":0.9925177693367004,"z":0.11785533279180527,"w":0.03157365694642067},"size":2.1073949337005617,"orthographic":false}