{"cameraMode":{"drawMode":0,"name":"Shaded","section":"Shading Mode"},"sceneLighting":true,"audioPlay":false,"sceneViewState":{"showFog":true,"showMaterialUpdate":false,"showSkybox":true,"showFlares":true,"showImageEffects":true,"showParticleSystems":true,"showVisualEffectGraphs":true,"m_FxEnabled":true},"in2DMode":false,"pivot":{"x":0.5330872535705566,"y":11.754913330078125,"z":-16.071178436279298},"rotation":{"x":0.0014752651331946254,"y":0.9939211010932922,"z":-0.10927144438028336,"w":0.013418994843959809},"size":76.46293640136719,"orthographic":true}