{"cameraMode":{"drawMode":0,"name":"Shaded","section":"Shading Mode"},"sceneLighting":true,"audioPlay":false,"sceneViewState":{"showFog":true,"showMaterialUpdate":true,"showSkybox":false,"showFlares":true,"showImageEffects":true,"showParticleSystems":true,"showVisualEffectGraphs":true,"m_FxEnabled":true},"in2DMode":false,"pivot":{"x":-0.3657851219177246,"y":0.26801130175590517,"z":1.048458456993103},"rotation":{"x":-0.08360658586025238,"y":-0.6737341284751892,"z":0.07713711261749268,"w":-0.7301950454711914},"size":2.0246212482452394,"orthographic":false}