{"cameraMode":{"drawMode":0,"name":"Shaded","section":"Shading Mode"},"sceneLighting":true,"audioPlay":false,"sceneViewState":{"showFog":true,"showMaterialUpdate":false,"showSkybox":true,"showFlares":true,"showImageEffects":true,"showParticleSystems":true,"showVisualEffectGraphs":true,"m_FxEnabled":true},"in2DMode":false,"pivot":{"x":0.5291638970375061,"y":0.6409257054328919,"z":-1.0286715030670167},"rotation":{"x":0.0031542556826025249,"y":0.9929322004318237,"z":-0.11550795286893845,"w":0.027114735916256906},"size":4.268855571746826,"orthographic":false}