{"cameraMode":{"drawMode":0,"name":"Shaded","section":"Shading Mode"},"sceneLighting":true,"audioPlay":false,"sceneViewState":{"showFog":true,"showMaterialUpdate":true,"showSkybox":false,"showFlares":true,"showImageEffects":true,"showParticleSystems":true,"showVisualEffectGraphs":true,"m_FxEnabled":true},"in2DMode":false,"pivot":{"x":1.2778632640838624,"y":1.128005862236023,"z":-0.45993176102638247},"rotation":{"x":-0.016922010108828546,"y":-0.6590010523796082,"z":0.014825361780822277,"w":-0.7518187761306763},"size":1.724621295928955,"orthographic":false}