{"cameraMode":{"drawMode":0,"name":"Shaded","section":"Shading Mode"},"sceneLighting":false,"audioPlay":false,"sceneViewState":{"showFog":true,"showMaterialUpdate":false,"showSkybox":false,"showFlares":true,"showImageEffects":true,"showParticleSystems":true,"showVisualEffectGraphs":true,"m_FxEnabled":true},"in2DMode":false,"pivot":{"x":0.13499999046325684,"y":2.755000352859497,"z":0.19250023365020753},"rotation":{"x":-0.12767788767814637,"y":-0.24946822226047517,"z":0.03320099040865898,"w":-0.9593554139137268},"size":3.8215911388397219,"orthographic":false}