{"cameraMode":{"drawMode":0,"name":"Shaded","section":"Shading Mode"},"sceneLighting":false,"audioPlay":false,"sceneViewState":{"showFog":true,"showMaterialUpdate":true,"showSkybox":false,"showFlares":true,"showImageEffects":true,"showParticleSystems":true,"showVisualEffectGraphs":true,"m_FxEnabled":true},"in2DMode":false,"pivot":{"x":0.13499999046325684,"y":2.755000352859497,"z":0.19250023365020753},"rotation":{"x":-0.10277575999498368,"y":0.4949367642402649,"z":-0.059122443199157718,"w":-0.861175000667572},"size":3.892534017562866,"orthographic":false}