{"cameraMode":{"drawMode":0,"name":"Shaded","section":"Shading Mode"},"sceneLighting":true,"audioPlay":false,"sceneViewState":{"showFog":true,"showMaterialUpdate":false,"showSkybox":true,"showFlares":true,"showImageEffects":true,"showParticleSystems":true,"showVisualEffectGraphs":true,"m_FxEnabled":true},"in2DMode":false,"pivot":{"x":-21.011863708496095,"y":5.595678329467773,"z":-3.9389822483062746},"rotation":{"x":0.013724824413657189,"y":-0.6876559853553772,"z":0.013007612898945809,"w":0.7258180379867554},"size":1.423717737197876,"orthographic":false}