{"cameraMode":{"drawMode":0,"name":"Shaded","section":"Shading Mode"},"sceneLighting":true,"audioPlay":false,"sceneViewState":{"showFog":true,"showMaterialUpdate":false,"showSkybox":true,"showFlares":true,"showImageEffects":true,"showParticleSystems":true,"showVisualEffectGraphs":true,"m_FxEnabled":true},"in2DMode":false,"pivot":{"x":-0.217864990234375,"y":1.6391210556030274,"z":0.25483131408691409},"rotation":{"x":-0.07368254661560059,"y":-0.7310191988945007,"z":0.07991303503513336,"w":-0.6736834049224854},"size":7.9435906410217289,"orthographic":false}