{"cameraMode":{"drawMode":0,"name":"Shaded","section":"Shading Mode"},"sceneLighting":true,"audioPlay":false,"sceneViewState":{"showFog":true,"showMaterialUpdate":false,"showSkybox":true,"showFlares":true,"showImageEffects":true,"showParticleSystems":true,"showVisualEffectGraphs":true,"m_FxEnabled":true},"in2DMode":false,"pivot":{"x":43.850364685058597,"y":18.878704071044923,"z":-16.140178680419923},"rotation":{"x":-0.18630081415176392,"y":-0.012774263508617878,"z":0.0024206305388361217,"w":-0.9824147820472717},"size":22.343839645385743,"orthographic":false}