{"cameraMode":{"drawMode":0,"name":"Shaded","section":"Shading Mode"},"sceneLighting":false,"audioPlay":false,"sceneViewState":{"showFog":true,"showMaterialUpdate":false,"showSkybox":false,"showFlares":true,"showImageEffects":true,"showParticleSystems":true,"showVisualEffectGraphs":true,"m_FxEnabled":true},"in2DMode":false,"pivot":{"x":0.39806726574897768,"y":0.17663142085075379,"z":-0.2523219585418701},"rotation":{"x":-0.040962159633636478,"y":0.9590165615081787,"z":-0.20231397449970246,"w":-0.1942000687122345},"size":5.407395362854004,"orthographic":false}