{"cameraMode":{"drawMode":0,"name":"Shaded","section":"Shading Mode"},"sceneLighting":false,"audioPlay":false,"sceneViewState":{"showFog":true,"showMaterialUpdate":false,"showSkybox":false,"showFlares":true,"showImageEffects":true,"showParticleSystems":true,"showVisualEffectGraphs":true,"m_FxEnabled":true},"in2DMode":false,"pivot":{"x":-5.610000133514404,"y":8.470000267028809,"z":-0.20000004768371583},"rotation":{"x":-0.28435763716697695,"y":0.11242134124040604,"z":-0.033603888005018237,"w":-0.9515164494514465},"size":1.6606662273406983,"orthographic":false}