{"cameraMode":{"drawMode":0,"name":"Shaded","section":"Shading Mode"},"sceneLighting":true,"audioPlay":false,"sceneViewState":{"showFog":true,"showMaterialUpdate":false,"showSkybox":true,"showFlares":true,"showImageEffects":true,"showParticleSystems":true,"showVisualEffectGraphs":true,"m_FxEnabled":true},"in2DMode":false,"pivot":{"x":-35.27000045776367,"y":3.9332079887390138,"z":-3.7699999809265138},"rotation":{"x":-0.28435763716697695,"y":0.11242134124040604,"z":-0.033603888005018237,"w":-0.9515164494514465},"size":1.9648056030273438,"orthographic":false}