{"cameraMode":{"drawMode":0,"name":"Shaded","section":"Shading Mode"},"sceneLighting":true,"audioPlay":false,"sceneViewState":{"showFog":true,"showMaterialUpdate":true,"showSkybox":true,"showFlares":true,"showImageEffects":true,"showParticleSystems":true,"showVisualEffectGraphs":true,"m_FxEnabled":true},"in2DMode":false,"pivot":{"x":-29.917675018310548,"y":9.91332721710205,"z":1.9770503044128419},"rotation":{"x":0.034561023116111758,"y":0.9632353186607361,"z":-0.21985496580600739,"w":0.1514916718006134},"size":17.736724853515626,"orthographic":false}