{"cameraMode":{"drawMode":0,"name":"Shaded","section":"Shading Mode"},"sceneLighting":false,"audioPlay":false,"sceneViewState":{"showFog":true,"showMaterialUpdate":false,"showSkybox":false,"showFlares":true,"showImageEffects":true,"showParticleSystems":true,"showVisualEffectGraphs":true,"m_FxEnabled":true},"in2DMode":false,"pivot":{"x":5.030599594116211,"y":5.337619304656982,"z":0.5487620830535889},"rotation":{"x":0.018207281827926637,"y":-0.6821030974388123,"z":0.016997387632727624,"w":0.7308587431907654},"size":0.9247449040412903,"orthographic":false}