{"cameraMode":{"drawMode":0,"name":"Shaded","section":"Shading Mode"},"sceneLighting":true,"audioPlay":false,"sceneViewState":{"showFog":true,"showMaterialUpdate":false,"showSkybox":true,"showFlares":true,"showImageEffects":true,"showParticleSystems":true,"showVisualEffectGraphs":true,"m_FxEnabled":true},"in2DMode":false,"pivot":{"x":-7.5239739418029789,"y":37.974205017089847,"z":-27.138973236083986},"rotation":{"x":-0.28435763716697695,"y":0.11242134124040604,"z":-0.033603888005018237,"w":-0.9515164494514465},"size":6.977488040924072,"orthographic":false}